fire_id,landslide_risk,landslide_risk_label
0,-1,데이터없음
1,3,보통
2,-1,데이터없음
3,3,보통
4,3,보통
5,-1,데이터없음
6,-1,데이터없음
7,-1,데이터없음
8,-1,데이터없음
9,4,낮음
10,2,높음
11,3,보통
12,-1,데이터없음
13,-1,데이터없음
14,2,높음
15,-1,데이터없음
16,-1,데이터없음
17,-1,데이터없음
18,2,높음
19,3,보통
20,-1,데이터없음
21,2,높음
22,2,높음
23,1,매우높음
24,4,낮음
25,2,높음
26,4,낮음
27,-1,데이터없음
28,-1,데이터없음
29,2,높음
30,2,높음
31,4,낮음
32,-1,데이터없음
33,1,매우높음
34,-1,데이터없음
35,2,높음
36,4,낮음
37,-1,데이터없음
38,3,보통
39,3,보통
40,4,낮음
41,3,보통
42,-1,데이터없음
43,-1,데이터없음
44,4,낮음
45,-1,데이터없음
46,-1,데이터없음
47,3,보통
48,2,높음
49,-1,데이터없음
50,-1,데이터없음
51,-1,데이터없음
52,-1,데이터없음
53,3,보통
54,3,보통
55,-1,데이터없음
56,-1,데이터없음
57,2,높음
58,3,보통
59,3,보통
60,-1,데이터없음
61,4,낮음
62,3,보통
63,3,보통
64,-1,데이터없음
65,-1,데이터없음
66,-1,데이터없음
67,5,매우낮음
68,-1,데이터없음
69,-1,데이터없음
70,-1,데이터없음
71,3,보통
72,4,낮음
73,-1,데이터없음
74,-1,데이터없음
75,-1,데이터없음
76,-1,데이터없음
77,3,보통
78,-1,데이터없음
79,-1,데이터없음
80,-1,데이터없음
81,3,보통
82,-1,데이터없음
83,-1,데이터없음
84,-1,데이터없음
85,-1,데이터없음
86,3,보통
87,3,보통
88,-1,데이터없음
89,1,매우높음
90,2,높음
91,2,높음
92,-1,데이터없음
93,-1,데이터없음
94,3,보통
95,-1,데이터없음
96,-1,데이터없음
97,-1,데이터없음
98,-1,데이터없음
99,-1,데이터없음
100,4,낮음
101,2,높음
102,3,보통
103,-1,데이터없음
104,2,높음
105,-1,데이터없음
106,-1,데이터없음
107,-1,데이터없음
108,-1,데이터없음
109,-1,데이터없음
110,-1,데이터없음
111,3,보통
112,3,보통
113,4,낮음
114,3,보통
115,4,낮음
116,1,매우높음
117,-1,데이터없음
118,-1,데이터없음
119,-1,데이터없음
120,-1,데이터없음
121,2,높음
122,3,보통
123,-1,데이터없음
124,-1,데이터없음
125,-1,데이터없음
126,-1,데이터없음
127,3,보통
128,-1,데이터없음
129,-1,데이터없음
130,1,매우높음
131,-1,데이터없음
132,-1,데이터없음
133,-1,데이터없음
134,5,매우낮음
135,-1,데이터없음
136,-1,데이터없음
137,-1,데이터없음
138,-1,데이터없음
139,-1,데이터없음
140,4,낮음
141,3,보통
142,-1,데이터없음
143,-1,데이터없음
144,-1,데이터없음
145,-1,데이터없음
146,-1,데이터없음
147,-1,데이터없음
148,2,높음
149,-1,데이터없음
150,-1,데이터없음
151,4,낮음
152,-1,데이터없음
153,-1,데이터없음
154,-1,데이터없음
155,-1,데이터없음
156,2,높음
157,1,매우높음
158,-1,데이터없음
159,1,매우높음
160,1,매우높음
161,-1,데이터없음
162,-1,데이터없음
163,-1,데이터없음
164,-1,데이터없음
165,-1,데이터없음
166,-1,데이터없음
167,-1,데이터없음
168,-1,데이터없음
169,-1,데이터없음
170,5,매우낮음
171,4,낮음
172,5,매우낮음
173,4,낮음
174,2,높음
175,-1,데이터없음
176,1,매우높음
177,5,매우낮음
178,4,낮음
179,4,낮음
180,2,높음
181,-1,데이터없음
182,-1,데이터없음
183,-1,데이터없음
184,2,높음
185,4,낮음
186,-1,데이터없음
187,-1,데이터없음
188,4,낮음
189,-1,데이터없음
190,-1,데이터없음
191,5,매우낮음
192,4,낮음
193,3,보통
194,1,매우높음
195,-1,데이터없음
196,-1,데이터없음
197,-1,데이터없음
198,4,낮음
199,4,낮음
200,-1,데이터없음
201,-1,데이터없음
202,-1,데이터없음
203,-1,데이터없음
204,-1,데이터없음
205,3,보통
206,1,매우높음
207,4,낮음
208,-1,데이터없음
209,2,높음
210,-1,데이터없음
211,-1,데이터없음
212,-1,데이터없음
213,-1,데이터없음
214,4,낮음
215,-1,데이터없음
216,3,보통
217,-1,데이터없음
218,-1,데이터없음
219,-1,데이터없음
220,-1,데이터없음
221,-1,데이터없음
222,3,보통
223,3,보통
224,3,보통
225,1,매우높음
226,4,낮음
227,-1,데이터없음
228,-1,데이터없음
229,3,보통
230,4,낮음
231,2,높음
232,-1,데이터없음
233,3,보통
234,-1,데이터없음
235,3,보통
236,3,보통
237,3,보통
238,3,보통
239,3,보통
240,-1,데이터없음
241,3,보통
242,-1,데이터없음
243,-1,데이터없음
244,4,낮음
245,-1,데이터없음
246,-1,데이터없음
247,1,매우높음
248,-1,데이터없음
249,-1,데이터없음
250,-1,데이터없음
251,-1,데이터없음
252,-1,데이터없음
253,-1,데이터없음
254,3,보통
255,-1,데이터없음
256,-1,데이터없음
257,-1,데이터없음
258,1,매우높음
259,-1,데이터없음
260,-1,데이터없음
261,-1,데이터없음
262,3,보통
263,3,보통
264,2,높음
265,-1,데이터없음
266,-1,데이터없음
267,-1,데이터없음
268,-1,데이터없음
269,-1,데이터없음
270,-1,데이터없음
271,3,보통
272,-1,데이터없음
273,-1,데이터없음
274,4,낮음
275,-1,데이터없음
276,2,높음
277,-1,데이터없음
278,-1,데이터없음
279,1,매우높음
280,-1,데이터없음
281,-1,데이터없음
282,3,보통
283,-1,데이터없음
284,-1,데이터없음
285,-1,데이터없음
286,4,낮음
287,4,낮음
288,-1,데이터없음
289,2,높음
290,-1,데이터없음
291,-1,데이터없음
292,5,매우낮음
293,-1,데이터없음
294,-1,데이터없음
295,-1,데이터없음
296,-1,데이터없음
297,4,낮음
298,2,높음
299,3,보통
300,3,보통
301,2,높음
302,-1,데이터없음
303,2,높음
304,1,매우높음
305,4,낮음
306,2,높음
307,1,매우높음
308,4,낮음
309,-1,데이터없음
310,1,매우높음
311,3,보통
312,-1,데이터없음
313,4,낮음
314,-1,데이터없음
315,3,보통
316,2,높음
317,2,높음
318,-1,데이터없음
319,-1,데이터없음
320,2,높음
321,-1,데이터없음
322,-1,데이터없음
323,1,매우높음
324,1,매우높음
325,-1,데이터없음
326,-1,데이터없음
327,3,보통
328,4,낮음
329,4,낮음
330,2,높음
331,3,보통
332,1,매우높음
333,-1,데이터없음
334,3,보통
335,2,높음
336,3,보통
337,2,높음
338,4,낮음
339,2,높음
340,2,높음
341,-1,데이터없음
342,-1,데이터없음
343,-1,데이터없음
344,-1,데이터없음
345,-1,데이터없음
346,-1,데이터없음
347,-1,데이터없음
348,-1,데이터없음
349,-1,데이터없음
350,-1,데이터없음
351,-1,데이터없음
352,5,매우낮음
353,-1,데이터없음
354,5,매우낮음
355,3,보통
356,-1,데이터없음
357,-1,데이터없음
358,-1,데이터없음
359,4,낮음
360,-1,데이터없음
361,3,보통
362,-1,데이터없음
363,-1,데이터없음
364,3,보통
365,-1,데이터없음
366,3,보통
367,2,높음
368,-1,데이터없음
369,-1,데이터없음
370,3,보통
371,-1,데이터없음
372,-1,데이터없음
373,2,높음
374,3,보통
375,-1,데이터없음
376,3,보통
377,-1,데이터없음
378,-1,데이터없음
379,-1,데이터없음
380,-1,데이터없음
381,-1,데이터없음
382,4,낮음
383,4,낮음
384,1,매우높음
385,-1,데이터없음
386,-1,데이터없음
387,2,높음
388,-1,데이터없음
389,-1,데이터없음
390,-1,데이터없음
391,-1,데이터없음
392,4,낮음
393,-1,데이터없음
394,-1,데이터없음
395,1,매우높음
396,3,보통
397,3,보통
398,-1,데이터없음
399,3,보통
400,-1,데이터없음
401,-1,데이터없음
402,-1,데이터없음
403,-1,데이터없음
404,1,매우높음
405,-1,데이터없음
406,-1,데이터없음
407,2,높음
408,-1,데이터없음
409,-1,데이터없음
410,-1,데이터없음
411,-1,데이터없음
412,-1,데이터없음
413,-1,데이터없음
414,-1,데이터없음
415,-1,데이터없음
416,-1,데이터없음
417,3,보통
418,-1,데이터없음
419,-1,데이터없음
420,2,높음
421,-1,데이터없음
422,-1,데이터없음
423,-1,데이터없음
424,-1,데이터없음
425,3,보통
426,3,보통
427,-1,데이터없음
428,-1,데이터없음
429,2,높음
430,-1,데이터없음
431,-1,데이터없음
432,-1,데이터없음
433,-1,데이터없음
434,-1,데이터없음
435,4,낮음
436,-1,데이터없음
437,-1,데이터없음
438,-1,데이터없음
439,-1,데이터없음
440,-1,데이터없음
441,-1,데이터없음
442,4,낮음
443,-1,데이터없음
444,-1,데이터없음
445,-1,데이터없음
446,-1,데이터없음
447,-1,데이터없음
448,-1,데이터없음
449,-1,데이터없음
450,-1,데이터없음
451,3,보통
452,-1,데이터없음
453,-1,데이터없음
454,-1,데이터없음
455,-1,데이터없음
456,-1,데이터없음
457,3,보통
458,-1,데이터없음
459,4,낮음
460,-1,데이터없음
461,-1,데이터없음
462,-1,데이터없음
463,-1,데이터없음
464,-1,데이터없음
465,-1,데이터없음
466,3,보통
467,3,보통
468,-1,데이터없음
469,-1,데이터없음
470,-1,데이터없음
471,-1,데이터없음
472,-1,데이터없음
473,-1,데이터없음
474,-1,데이터없음
475,-1,데이터없음
476,1,매우높음
477,-1,데이터없음
478,-1,데이터없음
479,-1,데이터없음
480,-1,데이터없음
481,-1,데이터없음
482,-1,데이터없음
483,-1,데이터없음
484,-1,데이터없음
485,-1,데이터없음
486,3,보통
487,-1,데이터없음
488,1,매우높음
489,-1,데이터없음
490,-1,데이터없음
491,-1,데이터없음
492,4,낮음
493,-1,데이터없음
494,-1,데이터없음
495,-1,데이터없음
496,-1,데이터없음
497,-1,데이터없음
498,3,보통
499,-1,데이터없음
500,-1,데이터없음
501,3,보통
502,-1,데이터없음
503,2,높음
504,-1,데이터없음
505,-1,데이터없음
506,5,매우낮음
507,-1,데이터없음
508,-1,데이터없음
509,-1,데이터없음
510,-1,데이터없음
511,-1,데이터없음
512,-1,데이터없음
513,-1,데이터없음
514,-1,데이터없음
515,-1,데이터없음
516,-1,데이터없음
517,3,보통
518,4,낮음
519,4,낮음
520,4,낮음
521,2,높음
522,3,보통
523,-1,데이터없음
524,-1,데이터없음
525,3,보통
526,3,보통
527,3,보통
528,-1,데이터없음
529,1,매우높음
530,4,낮음
531,-1,데이터없음
532,-1,데이터없음
533,-1,데이터없음
534,3,보통
535,-1,데이터없음
536,-1,데이터없음
537,-1,데이터없음
538,4,낮음
539,-1,데이터없음
540,-1,데이터없음
541,-1,데이터없음
542,-1,데이터없음
543,4,낮음
544,3,보통
545,5,매우낮음
546,-1,데이터없음
547,5,매우낮음
548,3,보통
549,1,매우높음
550,4,낮음
551,-1,데이터없음
552,3,보통
553,3,보통
554,2,높음
555,1,매우높음
556,4,낮음
557,2,높음
558,2,높음
559,2,높음
560,-1,데이터없음
561,1,매우높음
562,-1,데이터없음
563,4,낮음
564,3,보통
565,2,높음
566,-1,데이터없음
567,2,높음
568,-1,데이터없음
569,2,높음
570,4,낮음
571,3,보통
572,-1,데이터없음
573,-1,데이터없음
574,-1,데이터없음
575,-1,데이터없음
576,-1,데이터없음
577,-1,데이터없음
578,2,높음
579,4,낮음
580,4,낮음
581,-1,데이터없음
582,3,보통
583,-1,데이터없음
584,-1,데이터없음
585,2,높음
586,-1,데이터없음
587,-1,데이터없음
588,-1,데이터없음
589,-1,데이터없음
590,1,매우높음
591,-1,데이터없음
592,3,보통
593,1,매우높음
594,5,매우낮음
595,3,보통
596,-1,데이터없음
597,-1,데이터없음
598,-1,데이터없음
599,-1,데이터없음
600,-1,데이터없음
601,1,매우높음
602,-1,데이터없음
603,3,보통
604,3,보통
605,-1,데이터없음
606,-1,데이터없음
607,3,보통
608,-1,데이터없음
609,4,낮음
610,-1,데이터없음
611,1,매우높음
612,-1,데이터없음
613,-1,데이터없음
614,-1,데이터없음
615,3,보통
616,-1,데이터없음
617,-1,데이터없음
618,4,낮음
619,-1,데이터없음
620,3,보통
621,2,높음
622,-1,데이터없음
623,-1,데이터없음
624,1,매우높음
625,-1,데이터없음
626,3,보통
627,-1,데이터없음
628,2,높음
629,-1,데이터없음
630,-1,데이터없음
631,-1,데이터없음
632,-1,데이터없음
633,-1,데이터없음
634,5,매우낮음
635,-1,데이터없음
636,-1,데이터없음
637,-1,데이터없음
638,2,높음
639,-1,데이터없음
640,-1,데이터없음
641,-1,데이터없음
642,-1,데이터없음
643,-1,데이터없음
644,1,매우높음
645,-1,데이터없음
646,1,매우높음
647,-1,데이터없음
648,-1,데이터없음
649,-1,데이터없음
650,3,보통
651,1,매우높음
652,-1,데이터없음
653,-1,데이터없음
654,-1,데이터없음
655,-1,데이터없음
656,-1,데이터없음
657,-1,데이터없음
658,-1,데이터없음
659,1,매우높음
660,-1,데이터없음
661,-1,데이터없음
662,3,보통
663,-1,데이터없음
664,-1,데이터없음
665,-1,데이터없음
666,-1,데이터없음
667,-1,데이터없음
668,-1,데이터없음
669,2,높음
670,-1,데이터없음
671,1,매우높음
672,-1,데이터없음
673,-1,데이터없음
674,-1,데이터없음
675,-1,데이터없음
676,-1,데이터없음
677,-1,데이터없음
678,-1,데이터없음
679,-1,데이터없음
680,-1,데이터없음
681,-1,데이터없음
682,-1,데이터없음
683,2,높음
684,4,낮음
685,-1,데이터없음
686,-1,데이터없음
687,-1,데이터없음
688,-1,데이터없음
689,-1,데이터없음
690,-1,데이터없음
691,-1,데이터없음
692,-1,데이터없음
693,-1,데이터없음
694,-1,데이터없음
695,-1,데이터없음
696,-1,데이터없음
697,3,보통
698,-1,데이터없음
699,-1,데이터없음
700,4,낮음
701,-1,데이터없음
702,1,매우높음
703,-1,데이터없음
704,-1,데이터없음
705,-1,데이터없음
706,3,보통
707,-1,데이터없음
708,3,보통
709,-1,데이터없음
710,-1,데이터없음
711,-1,데이터없음
712,-1,데이터없음
713,4,낮음
714,-1,데이터없음
715,-1,데이터없음
716,-1,데이터없음
717,4,낮음
718,-1,데이터없음
719,5,매우낮음
720,-1,데이터없음
721,-1,데이터없음
722,-1,데이터없음
723,-1,데이터없음
724,-1,데이터없음
725,-1,데이터없음
726,-1,데이터없음
727,1,매우높음
728,1,매우높음
729,-1,데이터없음
730,-1,데이터없음
731,4,낮음
732,2,높음
733,-1,데이터없음
734,2,높음
735,-1,데이터없음
736,-1,데이터없음
737,-1,데이터없음
738,-1,데이터없음
739,1,매우높음
740,-1,데이터없음
741,3,보통
742,3,보통
743,2,높음
744,-1,데이터없음
745,-1,데이터없음
746,4,낮음
747,-1,데이터없음
748,-1,데이터없음
749,5,매우낮음
750,5,매우낮음
751,-1,데이터없음
752,4,낮음
753,4,낮음
754,-1,데이터없음
755,-1,데이터없음
756,3,보통
757,4,낮음
758,4,낮음
759,2,높음
760,-1,데이터없음
761,3,보통
762,3,보통
763,-1,데이터없음
764,-1,데이터없음
765,3,보통
766,1,매우높음
767,-1,데이터없음
768,5,매우낮음
769,4,낮음
770,-1,데이터없음
771,3,보통
772,5,매우낮음
773,2,높음
774,-1,데이터없음
775,-1,데이터없음
776,5,매우낮음
777,3,보통
778,4,낮음
779,4,낮음
780,-1,데이터없음
781,5,매우낮음
782,1,매우높음
783,-1,데이터없음
784,2,높음
785,1,매우높음
786,-1,데이터없음
787,1,매우높음
788,3,보통
789,-1,데이터없음
790,-1,데이터없음
791,-1,데이터없음
792,-1,데이터없음
793,-1,데이터없음
794,3,보통
795,-1,데이터없음
796,3,보통
797,-1,데이터없음
798,-1,데이터없음
799,-1,데이터없음
800,-1,데이터없음
801,-1,데이터없음
802,2,높음
803,-1,데이터없음
804,-1,데이터없음
805,-1,데이터없음
806,-1,데이터없음
807,-1,데이터없음
808,3,보통
809,3,보통
810,-1,데이터없음
811,-1,데이터없음
812,4,낮음
813,-1,데이터없음
814,-1,데이터없음
815,5,매우낮음
816,-1,데이터없음
817,3,보통
818,-1,데이터없음
819,4,낮음
820,2,높음
821,-1,데이터없음
822,-1,데이터없음
823,-1,데이터없음
824,3,보통
825,2,높음
826,-1,데이터없음
827,3,보통
828,4,낮음
829,3,보통
830,-1,데이터없음
831,3,보통
832,2,높음
833,-1,데이터없음
834,-1,데이터없음
835,1,매우높음
836,-1,데이터없음
837,-1,데이터없음
838,-1,데이터없음
839,-1,데이터없음
840,3,보통
841,1,매우높음
842,4,낮음
843,4,낮음
844,1,매우높음
845,2,높음
846,4,낮음
847,-1,데이터없음
848,-1,데이터없음
849,-1,데이터없음
850,4,낮음
851,3,보통
852,-1,데이터없음
853,-1,데이터없음
854,-1,데이터없음
855,2,높음
856,3,보통
857,4,낮음
858,4,낮음
859,5,매우낮음
860,2,높음
861,-1,데이터없음
862,-1,데이터없음
863,-1,데이터없음
864,-1,데이터없음
865,4,낮음
866,-1,데이터없음
867,-1,데이터없음
868,-1,데이터없음
869,3,보통
870,-1,데이터없음
871,-1,데이터없음
872,5,매우낮음
873,-1,데이터없음
874,-1,데이터없음
875,-1,데이터없음
876,-1,데이터없음
877,-1,데이터없음
878,-1,데이터없음
879,-1,데이터없음
880,1,매우높음
881,-1,데이터없음
882,-1,데이터없음
883,-1,데이터없음
884,-1,데이터없음
885,-1,데이터없음
886,3,보통
887,-1,데이터없음
888,2,높음
889,-1,데이터없음
890,-1,데이터없음
891,3,보통
892,-1,데이터없음
893,3,보통
894,-1,데이터없음
895,-1,데이터없음
896,-1,데이터없음
897,3,보통
898,-1,데이터없음
899,1,매우높음
900,2,높음
901,2,높음
902,-1,데이터없음
903,1,매우높음
904,-1,데이터없음
905,2,높음
906,1,매우높음
907,-1,데이터없음
908,-1,데이터없음
909,2,높음
910,-1,데이터없음
911,-1,데이터없음
912,4,낮음
913,3,보통
914,2,높음
915,3,보통
916,1,매우높음
917,3,보통
918,1,매우높음
919,1,매우높음
920,-1,데이터없음
921,2,높음
922,1,매우높음
923,3,보통
924,2,높음
925,1,매우높음
926,1,매우높음
927,-1,데이터없음
928,1,매우높음
929,-1,데이터없음
930,-1,데이터없음
931,5,매우낮음
932,-1,데이터없음
933,-1,데이터없음
934,-1,데이터없음
935,4,낮음
936,3,보통
937,-1,데이터없음
938,4,낮음
939,-1,데이터없음
940,-1,데이터없음
941,1,매우높음
942,3,보통
943,-1,데이터없음
944,4,낮음
945,-1,데이터없음
946,-1,데이터없음
947,-1,데이터없음
948,2,높음
949,2,높음
950,-1,데이터없음
951,4,낮음
952,-1,데이터없음
953,-1,데이터없음
954,-1,데이터없음
955,-1,데이터없음
956,-1,데이터없음
957,-1,데이터없음
958,-1,데이터없음
959,1,매우높음
960,-1,데이터없음
961,-1,데이터없음
962,-1,데이터없음
963,-1,데이터없음
964,3,보통
965,3,보통
966,3,보통
967,1,매우높음
968,2,높음
969,4,낮음
970,-1,데이터없음
971,-1,데이터없음
972,1,매우높음
973,3,보통
974,-1,데이터없음
975,-1,데이터없음
976,1,매우높음
977,-1,데이터없음
978,4,낮음
979,-1,데이터없음
980,-1,데이터없음
981,-1,데이터없음
982,3,보통
983,-1,데이터없음
984,3,보통
985,3,보통
986,-1,데이터없음
987,-1,데이터없음
988,-1,데이터없음
989,-1,데이터없음
990,-1,데이터없음
991,4,낮음
992,-1,데이터없음
993,-1,데이터없음
994,-1,데이터없음
995,-1,데이터없음
996,2,높음
997,-1,데이터없음
998,-1,데이터없음
999,2,높음
1000,-1,데이터없음
1001,-1,데이터없음
1002,-1,데이터없음
1003,-1,데이터없음
1004,-1,데이터없음
1005,4,낮음
1006,-1,데이터없음
1007,-1,데이터없음
1008,-1,데이터없음
1009,-1,데이터없음
1010,-1,데이터없음
1011,-1,데이터없음
1012,4,낮음
1013,1,매우높음
1014,-1,데이터없음
1015,-1,데이터없음
1016,-1,데이터없음
1017,-1,데이터없음
1018,4,낮음
1019,-1,데이터없음
1020,-1,데이터없음
1021,-1,데이터없음
1022,-1,데이터없음
1023,-1,데이터없음
1024,-1,데이터없음
1025,2,높음
1026,-1,데이터없음
1027,2,높음
1028,-1,데이터없음
1029,-1,데이터없음
1030,-1,데이터없음
1031,-1,데이터없음
1032,1,매우높음
1033,-1,데이터없음
1034,-1,데이터없음
1035,-1,데이터없음
1036,4,낮음
1037,-1,데이터없음
1038,-1,데이터없음
1039,4,낮음
1040,-1,데이터없음
1041,-1,데이터없음
1042,-1,데이터없음
1043,-1,데이터없음
1044,-1,데이터없음
1045,3,보통
1046,-1,데이터없음
1047,-1,데이터없음
1048,-1,데이터없음
1049,3,보통
1050,-1,데이터없음
1051,-1,데이터없음
1052,3,보통
1053,-1,데이터없음
1054,-1,데이터없음
1055,2,높음
1056,-1,데이터없음
1057,-1,데이터없음
1058,-1,데이터없음
1059,3,보통
1060,-1,데이터없음
1061,3,보통
1062,2,높음
1063,-1,데이터없음
1064,4,낮음
1065,1,매우높음
1066,4,낮음
1067,-1,데이터없음
1068,-1,데이터없음
1069,-1,데이터없음
1070,-1,데이터없음
1071,-1,데이터없음
1072,4,낮음
1073,-1,데이터없음
1074,-1,데이터없음
1075,-1,데이터없음
1076,-1,데이터없음
1077,-1,데이터없음
1078,-1,데이터없음
1079,-1,데이터없음
1080,-1,데이터없음
1081,-1,데이터없음
1082,3,보통
1083,-1,데이터없음
1084,-1,데이터없음
1085,-1,데이터없음
1086,-1,데이터없음
1087,2,높음
1088,-1,데이터없음
1089,-1,데이터없음
1090,-1,데이터없음
1091,4,낮음
1092,-1,데이터없음
1093,-1,데이터없음
1094,-1,데이터없음
1095,-1,데이터없음
1096,-1,데이터없음
1097,1,매우높음
1098,1,매우높음
1099,2,높음
1100,2,높음
1101,4,낮음
1102,1,매우높음
1103,-1,데이터없음
1104,-1,데이터없음
1105,-1,데이터없음
1106,-1,데이터없음
1107,2,높음
1108,-1,데이터없음
1109,2,높음
1110,-1,데이터없음
1111,1,매우높음
1112,-1,데이터없음
1113,3,보통
1114,1,매우높음
1115,-1,데이터없음
1116,3,보통
1117,-1,데이터없음
1118,-1,데이터없음
1119,-1,데이터없음
1120,-1,데이터없음
1121,-1,데이터없음
1122,-1,데이터없음
1123,1,매우높음
1124,3,보통
1125,-1,데이터없음
1126,-1,데이터없음
1127,4,낮음
1128,-1,데이터없음
1129,-1,데이터없음
1130,-1,데이터없음
1131,-1,데이터없음
1132,2,높음
1133,2,높음
1134,-1,데이터없음
1135,-1,데이터없음
1136,-1,데이터없음
1137,-1,데이터없음
1138,-1,데이터없음
1139,-1,데이터없음
1140,4,낮음
1141,-1,데이터없음
1142,-1,데이터없음
1143,2,높음
1144,2,높음
1145,3,보통
1146,-1,데이터없음
1147,-1,데이터없음
1148,-1,데이터없음
1149,4,낮음
1150,3,보통
1151,1,매우높음
1152,1,매우높음
1153,-1,데이터없음
1154,-1,데이터없음
1155,-1,데이터없음
1156,-1,데이터없음
1157,-1,데이터없음
1158,-1,데이터없음
1159,3,보통
1160,-1,데이터없음
1161,-1,데이터없음
1162,-1,데이터없음
1163,-1,데이터없음
1164,1,매우높음
1165,1,매우높음
1166,3,보통
1167,4,낮음
1168,4,낮음
1169,-1,데이터없음
1170,1,매우높음
1171,2,높음
1172,-1,데이터없음
1173,-1,데이터없음
1174,3,보통
1175,1,매우높음
1176,2,높음
1177,1,매우높음
1178,4,낮음
1179,-1,데이터없음
1180,3,보통
1181,-1,데이터없음
1182,2,높음
1183,-1,데이터없음
1184,1,매우높음
1185,-1,데이터없음
1186,3,보통
1187,-1,데이터없음
1188,-1,데이터없음
1189,-1,데이터없음
1190,-1,데이터없음
1191,3,보통
1192,-1,데이터없음
1193,-1,데이터없음
1194,-1,데이터없음
1195,-1,데이터없음
1196,1,매우높음
1197,2,높음
1198,-1,데이터없음
1199,-1,데이터없음
1200,-1,데이터없음
1201,-1,데이터없음
1202,-1,데이터없음
1203,-1,데이터없음
1204,2,높음
1205,-1,데이터없음
1206,-1,데이터없음
1207,-1,데이터없음
1208,-1,데이터없음
1209,2,높음
1210,-1,데이터없음
1211,3,보통
1212,3,보통
1213,1,매우높음
1214,-1,데이터없음
1215,-1,데이터없음
1216,-1,데이터없음
1217,-1,데이터없음
1218,-1,데이터없음
1219,-1,데이터없음
1220,2,높음
1221,3,보통
1222,-1,데이터없음
1223,1,매우높음
1224,-1,데이터없음
1225,-1,데이터없음
1226,-1,데이터없음
1227,1,매우높음
1228,1,매우높음
1229,-1,데이터없음
1230,-1,데이터없음
1231,-1,데이터없음
1232,-1,데이터없음
1233,-1,데이터없음
1234,-1,데이터없음
1235,-1,데이터없음
1236,-1,데이터없음
1237,-1,데이터없음
1238,-1,데이터없음
1239,-1,데이터없음
1240,-1,데이터없음
1241,-1,데이터없음
1242,-1,데이터없음
1243,-1,데이터없음
1244,-1,데이터없음
1245,-1,데이터없음
1246,-1,데이터없음
1247,-1,데이터없음
1248,-1,데이터없음
1249,-1,데이터없음
1250,-1,데이터없음
1251,2,높음
1252,-1,데이터없음
1253,-1,데이터없음
1254,-1,데이터없음
1255,-1,데이터없음
1256,-1,데이터없음
1257,-1,데이터없음
1258,-1,데이터없음
1259,-1,데이터없음
1260,5,매우낮음
1261,-1,데이터없음
1262,-1,데이터없음
1263,2,높음
1264,-1,데이터없음
1265,-1,데이터없음
1266,3,보통
1267,-1,데이터없음
1268,1,매우높음
1269,3,보통
1270,-1,데이터없음
1271,-1,데이터없음
1272,1,매우높음
1273,-1,데이터없음
1274,-1,데이터없음
1275,-1,데이터없음
1276,-1,데이터없음
1277,-1,데이터없음
1278,4,낮음
1279,-1,데이터없음
1280,-1,데이터없음
1281,2,높음
1282,-1,데이터없음
1283,-1,데이터없음
1284,-1,데이터없음
1285,-1,데이터없음
1286,-1,데이터없음
1287,-1,데이터없음
1288,2,높음
1289,3,보통
1290,1,매우높음
1291,-1,데이터없음
1292,-1,데이터없음
1293,3,보통
1294,-1,데이터없음
1295,-1,데이터없음
1296,-1,데이터없음
1297,-1,데이터없음
1298,-1,데이터없음
1299,4,낮음
1300,-1,데이터없음
1301,-1,데이터없음
1302,-1,데이터없음
1303,-1,데이터없음
1304,4,낮음
1305,-1,데이터없음
1306,-1,데이터없음
1307,-1,데이터없음
1308,-1,데이터없음
1309,3,보통
1310,1,매우높음
1311,-1,데이터없음
1312,2,높음
1313,4,낮음
1314,-1,데이터없음
1315,-1,데이터없음
1316,2,높음
1317,-1,데이터없음
1318,-1,데이터없음
1319,1,매우높음
1320,-1,데이터없음
1321,-1,데이터없음
1322,-1,데이터없음
1323,-1,데이터없음
1324,-1,데이터없음
1325,3,보통
1326,-1,데이터없음
1327,-1,데이터없음
1328,-1,데이터없음
1329,-1,데이터없음
1330,1,매우높음
1331,-1,데이터없음
1332,-1,데이터없음
1333,-1,데이터없음
1334,-1,데이터없음
1335,1,매우높음
1336,4,낮음
1337,-1,데이터없음
1338,-1,데이터없음
1339,-1,데이터없음
1340,-1,데이터없음
1341,-1,데이터없음
1342,4,낮음
1343,4,낮음
1344,1,매우높음
1345,-1,데이터없음
1346,3,보통
1347,-1,데이터없음
1348,-1,데이터없음
1349,-1,데이터없음
1350,-1,데이터없음
1351,3,보통
1352,-1,데이터없음
1353,-1,데이터없음
1354,2,높음
1355,-1,데이터없음
1356,2,높음
1357,-1,데이터없음
1358,2,높음
1359,2,높음
1360,2,높음
1361,-1,데이터없음
1362,2,높음
1363,-1,데이터없음
1364,2,높음
1365,-1,데이터없음
1366,4,낮음
1367,-1,데이터없음
1368,-1,데이터없음
1369,-1,데이터없음
1370,-1,데이터없음
1371,-1,데이터없음
1372,-1,데이터없음
1373,-1,데이터없음
1374,1,매우높음
1375,-1,데이터없음
1376,-1,데이터없음
1377,-1,데이터없음
1378,-1,데이터없음
1379,-1,데이터없음
1380,-1,데이터없음
1381,3,보통
1382,-1,데이터없음
1383,-1,데이터없음
1384,-1,데이터없음
1385,-1,데이터없음
1386,-1,데이터없음
1387,-1,데이터없음
1388,4,낮음
1389,1,매우높음
1390,-1,데이터없음
1391,-1,데이터없음
1392,3,보통
1393,2,높음
1394,1,매우높음
1395,-1,데이터없음
1396,1,매우높음
1397,-1,데이터없음
1398,-1,데이터없음
1399,-1,데이터없음
1400,-1,데이터없음
1401,-1,데이터없음
1402,-1,데이터없음
1403,-1,데이터없음
1404,-1,데이터없음
1405,-1,데이터없음
1406,-1,데이터없음
1407,4,낮음
1408,-1,데이터없음
1409,-1,데이터없음
1410,3,보통
1411,-1,데이터없음
1412,-1,데이터없음
1413,-1,데이터없음
1414,-1,데이터없음
1415,-1,데이터없음
1416,-1,데이터없음
1417,-1,데이터없음
1418,-1,데이터없음
1419,-1,데이터없음
1420,-1,데이터없음
1421,-1,데이터없음
1422,-1,데이터없음
1423,-1,데이터없음
1424,-1,데이터없음
1425,3,보통
1426,-1,데이터없음
1427,-1,데이터없음
1428,-1,데이터없음
1429,-1,데이터없음
1430,-1,데이터없음
1431,-1,데이터없음
1432,-1,데이터없음
1433,-1,데이터없음
1434,3,보통
1435,-1,데이터없음
1436,-1,데이터없음
1437,-1,데이터없음
1438,-1,데이터없음
1439,-1,데이터없음
1440,-1,데이터없음
1441,-1,데이터없음
1442,-1,데이터없음
1443,-1,데이터없음
1444,-1,데이터없음
1445,-1,데이터없음
1446,-1,데이터없음
1447,-1,데이터없음
1448,-1,데이터없음
1449,-1,데이터없음
1450,-1,데이터없음
1451,-1,데이터없음
1452,-1,데이터없음
1453,-1,데이터없음
1454,-1,데이터없음
1455,-1,데이터없음
1456,1,매우높음
1457,3,보통
1458,4,낮음
1459,4,낮음
1460,2,높음
1461,2,높음
1462,3,보통
1463,1,매우높음
1464,1,매우높음
1465,1,매우높음
1466,1,매우높음
1467,3,보통
1468,2,높음
1469,3,보통
1470,3,보통
1471,1,매우높음
1472,2,높음
1473,2,높음
1474,1,매우높음
1475,2,높음
1476,2,높음
1477,2,높음
1478,1,매우높음
1479,3,보통
1480,2,높음
1481,2,높음
1482,4,낮음
1483,3,보통
1484,4,낮음
1485,2,높음
1486,4,낮음
1487,2,높음
1488,2,높음
1489,2,높음
1490,4,낮음
1491,3,보통
1492,-1,데이터없음
1493,-1,데이터없음
1494,-1,데이터없음
1495,-1,데이터없음
1496,-1,데이터없음
1497,1,매우높음
1498,-1,데이터없음
1499,-1,데이터없음
1500,4,낮음
1501,3,보통
1502,-1,데이터없음
1503,-1,데이터없음
1504,-1,데이터없음
1505,4,낮음
1506,-1,데이터없음
1507,1,매우높음
1508,-1,데이터없음
1509,4,낮음
1510,-1,데이터없음
1511,5,매우낮음
1512,3,보통
1513,-1,데이터없음
1514,-1,데이터없음
1515,5,매우낮음
1516,-1,데이터없음
1517,-1,데이터없음
1518,1,매우높음
1519,2,높음
1520,3,보통
1521,3,보통
1522,3,보통
1523,3,보통
1524,-1,데이터없음
1525,1,매우높음
1526,3,보통
1527,3,보통
1528,2,높음
1529,3,보통
1530,4,낮음
1531,2,높음
1532,3,보통
1533,3,보통
1534,1,매우높음
1535,5,매우낮음
1536,3,보통
1537,-1,데이터없음
1538,3,보통
1539,-1,데이터없음
1540,-1,데이터없음
1541,2,높음
1542,4,낮음
1543,2,높음
1544,4,낮음
1545,3,보통
1546,4,낮음
1547,-1,데이터없음
1548,-1,데이터없음
1549,1,매우높음
1550,3,보통
1551,-1,데이터없음
1552,-1,데이터없음
1553,3,보통
1554,3,보통
1555,-1,데이터없음
1556,3,보통
1557,3,보통
1558,2,높음
1559,3,보통
1560,-1,데이터없음
1561,3,보통
1562,-1,데이터없음
1563,4,낮음
1564,2,높음
1565,3,보통
1566,3,보통
1567,-1,데이터없음
1568,2,높음
1569,3,보통
1570,-1,데이터없음
1571,-1,데이터없음
1572,-1,데이터없음
1573,-1,데이터없음
1574,-1,데이터없음
1575,-1,데이터없음
1576,-1,데이터없음
1577,-1,데이터없음
1578,-1,데이터없음
1579,-1,데이터없음
1580,3,보통
1581,2,높음
1582,-1,데이터없음
1583,-1,데이터없음
1584,1,매우높음
1585,1,매우높음
1586,4,낮음
1587,3,보통
1588,-1,데이터없음
